time,trace_a,trace_b,trace_c,trace_d,trace_e,trace_f,trace_g,trace_h
0,0.109682,0.35644,0.347459,0.102366,0.51004,0.290217,0.204342,0.227973
3600,0.22496,0.474986,0.37553,0.228873,0.550528,0.304593,0.247679,0.36922
7200,0.380796,0.419061,0.43074,0.190554,0.750362,0.285473,0.29806,0.392977
10800,0.436677,0.262922,0.449799,0.140262,0.586534,0.214515,0.304292,0.410186
14400,0.242263,0.330935,0.382542,0.124251,0.63348,0.265136,0.263165,0.408082
18000,0.263299,0.336414,0.398975,0.143041,0.525077,0.284614,0.207242,0.369074
21600,0.140396,0.334681,0.632843,0.147389,0.589804,0.30423,0.207209,0.334954
25200,0.240453,0.155058,0.463814,0.161833,0.654613,0.309744,0.281192,0.451529
28800,0.134285,0.189995,0.499128,0.227232,0.660048,0.272404,0.266683,0.463707
32400,0.142633,0.323235,0.499963,0.266443,0.678959,0.305852,0.250886,0.438033
36000,0.152728,0.525618,0.483829,0.337051,0.896785,0.331025,0.182083,0.562728
39600,0.153226,0.507659,0.479015,0.498441,0.659162,0.305064,0.236613,0.584036
43200,0.142397,0.5978,0.440715,0.392755,0.835365,0.233269,0.195064,0.704304
46800,0.242421,0.414754,0.60049,0.355752,0.639795,0.25074,0.161521,0.693042
50400,0.190194,0.314531,0.616038,0.415281,0.625837,0.217288,0.134648,0.506944
54000,0.167157,0.39882,0.487525,0.472112,0.582466,0.268935,0.141424,0.649698
57600,0.177225,0.391337,0.435808,0.358123,0.564119,0.203025,0.205834,0.389712
61200,0.249353,0.429334,0.514494,0.391601,0.443565,0.315242,0.382253,0.379555
64800,0.476788,0.266508,0.472824,0.248903,0.423058,0.35978,0.470643,0.364905
68400,0.228425,0.428428,0.426457,0.308859,0.419089,0.399507,0.500349,0.322607
72000,0.143333,0.415633,0.391884,0.365494,0.340962,0.348205,0.578713,0.316911
75600,0.243017,0.293192,0.512266,0.369801,0.561286,0.254113,0.501154,0.307662
79200,0.646519,0.255309,0.428537,0.298944,0.301215,0.223441,0.492111,0.236989
82800,0.554346,0.279661,0.482023,0.358047,0.337404,0.226507,0.519359,0.312213
86400,0.377592,0.245201,0.462408,0.33204,0.397515,0.248017,0.462174,0.305174
90000,0.347923,0.527068,0.409895,0.241027,0.347471,0.444164,0.576598,0.501197
93600,0.361808,0.273208,0.379928,0.242724,0.361916,0.629585,0.49059,0.414946
97200,0.366965,0.248495,0.474023,0.306538,0.414219,0.331273,0.520866,0.388345
100800,0.368353,0.249838,0.462967,0.239731,0.448512,0.246285,0.542787,0.394255
104400,0.434281,0.210571,0.605845,0.367791,0.527705,0.230028,0.620564,0.466729
108000,0.27668,0.175258,0.644176,0.46045,0.452557,0.236151,0.649698,0.382602
111600,0.419257,0.14183,0.648981,0.506429,0.526279,0.237806,0.420143,0.450484
115200,0.407906,0.171065,0.512856,0.444168,0.634179,0.315279,0.520561,0.477854
118800,0.347124,0.15888,0.433802,0.357005,0.568793,0.318389,0.558785,0.565183
122400,0.297675,0.174357,0.489796,0.468984,0.880858,0.330212,0.544125,0.454734
126000,0.29262,0.26487,0.576605,0.299704,0.800062,0.376207,0.566604,0.50172
129600,0.17812,0.249955,0.467026,0.348893,0.690083,0.461603,0.531176,0.595825
133200,0.262006,0.156977,0.46558,0.395382,0.686344,0.459502,0.472533,0.547611
136800,0.30056,0.237109,0.508022,0.3973,0.518285,0.349785,0.510616,0.648273
140400,0.238052,0.468336,0.49621,0.368217,0.604232,0.501313,0.565019,0.584053
144000,0.229537,0.305023,0.493067,0.310555,0.394944,0.426092,0.560026,0.565054
147600,0.40815,0.467164,0.455527,0.309899,0.373782,0.447955,0.522524,0.415607
151200,0.409297,0.429295,0.531769,0.3195,0.415934,0.270927,0.446347,0.306575
154800,0.44126,0.270787,0.598474,0.25926,0.345407,0.293743,0.443348,0.389247
158400,0.447407,0.413112,0.577079,0.221587,0.393486,0.323182,0.497758,0.263493
162000,0.460769,0.373018,0.429006,0.26946,0.339098,0.291793,0.447832,0.286885
165600,0.80796,0.389246,0.361866,0.247241,0.391805,0.240704,0.471819,0.370427
169200,0.567655,0.328228,0.431438,0.326547,0.386168,0.225654,0.510382,0.456146
172800,0.668815,0.245127,0.484534,0.39247,0.388822,0.242147,0.517303,0.320202
176400,0.652321,0.337385,0.393145,0.34788,0.418785,0.274331,0.521008,0.362631
180000,0.417626,0.490795,0.424383,0.290243,0.449519,0.256308,0.561558,0.299341
183600,0.317193,0.334586,0.363379,0.341155,0.457683,0.241366,0.511259,0.303176
187200,0.41136,0.186766,0.365827,0.246609,0.423175,0.252354,0.434892,0.366747
190800,0.382788,0.213343,0.500634,0.503271,0.454782,0.284216,0.526133,0.390132
194400,0.495048,0.481927,0.458163,0.503346,0.595692,0.361703,0.459693,0.399806
198000,0.743001,0.347011,0.576134,0.478365,0.464698,0.353434,0.378798,0.451518
201600,0.247121,0.321856,0.516972,0.378236,0.464833,0.296368,0.437802,0.587096
205200,0.270947,0.451084,0.443958,0.323312,0.487634,0.407986,0.411724,0.418488
208800,0.507095,0.323229,0.462559,0.365909,0.592083,0.252399,0.401899,0.514801
212400,0.419022,0.278631,0.413316,0.359107,0.587704,0.367688,0.450481,0.504037
216000,0.416425,0.553896,0.40862,0.418321,0.679124,0.297165,0.504769,0.554419
219600,0.319501,0.502894,0.44461,0.346895,0.732459,0.253277,0.571474,0.598685
223200,0.282489,0.41982,0.641339,0.509197,0.71457,0.289962,0.490432,0.514124
226800,0.251848,0.415763,0.661962,0.470447,0.522772,0.248252,0.663208,0.570999
230400,0.22995,0.421547,0.750889,0.464897,0.480943,0.23627,0.370515,0.554529
234000,0.262878,0.480801,0.642035,0.435238,0.478308,0.246029,0.319122,0.421187
237600,0.270546,0.704979,0.514706,0.461961,0.515812,0.236145,0.403984,0.40865
241200,0.295884,0.567573,0.496889,0.448561,0.591024,0.195071,0.253681,0.318724
244800,0.266616,0.559946,0.562924,0.397974,0.523947,0.251092,0.430307,0.384394
248400,0.244209,0.641608,0.496517,0.376977,0.468778,0.388661,0.634122,0.440813
252000,0.509548,0.587659,0.440451,0.419257,0.598147,0.360938,0.481289,0.309813
255600,0.679771,0.357621,0.498198,0.40715,0.523989,0.358,0.527601,0.372324
259200,0.698976,0.459224,0.517242,0.404413,0.494469,0.463824,0.386356,0.397426
262800,0.574302,0.819166,0.512913,0.413561,0.571033,0.406944,0.746449,0.378008
266400,0.571036,0.74266,0.496824,0.372277,0.760694,0.341898,0.485111,0.314589
270000,0.733415,0.462966,0.455371,0.484019,0.696189,0.276041,0.48107,0.3968
273600,0.685168,0.558944,0.497466,0.457942,0.57388,0.380832,0.397454,0.476474
277200,0.791337,0.390318,0.590279,0.465481,0.590863,0.356285,0.325814,0.349919
280800,0.791315,0.424116,0.567846,0.390863,0.793651,0.264878,0.436922,0.387238
284400,0.77006,0.571853,0.517783,0.389355,0.698276,0.23883,0.27648,0.383702
288000,0.378511,0.518978,0.65596,0.413251,0.552194,0.200005,0.313428,0.522843
291600,0.223823,0.609926,0.554187,0.409804,0.600464,0.268091,0.367313,0.421158
295200,0.323028,0.741843,0.573422,0.485773,0.720658,0.218629,0.295167,0.396812
298800,0.139455,0.581868,0.525739,0.448721,0.699449,0.260312,0.230086,0.433615
302400,0.09518,0.461302,0.436695,0.398924,0.579096,0.19877,0.294492,0.415683
306000,0.13771,0.363504,0.562627,0.432316,0.54979,0.214813,0.231463,0.451608
309600,0.134271,0.294061,0.541879,0.498806,0.586622,0.140915,0.547776,0.376639
313200,0.211428,0.156288,0.565362,0.40739,0.555818,0.140561,0.485574,0.400233
316800,0.202843,0.239693,0.442419,0.388939,0.525415,0.12505,0.324154,0.389105
320400,0.253762,0.235911,0.428446,0.29652,0.615407,0.106425,0.30983,0.362307
324000,0.452052,0.211268,0.375847,0.207986,0.550306,0.11133,0.246204,0.369151
327600,0.638249,0.142917,0.470901,0.320729,0.52693,0.108847,0.26938,0.342071
331200,0.618392,0.228608,0.443304,0.403093,0.588465,0.181428,0.280167,0.400403
334800,0.551159,0.100393,0.480317,0.449201,0.506956,0.188166,0.27146,0.336603
338400,0.59411,0.140567,0.33816,0.282835,0.548884,0.134894,0.225687,0.399382
342000,0.546041,0.10557,0.37098,0.262314,0.56281,0.222792,0.289423,0.33035
345600,0.59387,0.170908,0.429415,0.340542,0.53805,0.238356,0.401758,0.510248
349200,0.672588,0.453727,0.341603,0.228728,0.551497,0.325121,0.657994,0.399358
352800,0.599462,0.427783,0.511667,0.355049,0.557891,0.231036,0.937293,0.415125
356400,0.624216,0.301098,0.459975,0.224488,0.524858,0.258843,0.437747,0.403895
360000,0.406333,0.338709,0.389435,0.18084,0.583419,0.246426,0.336756,0.356758
363600,0.469374,0.14047,0.395569,0.192496,0.510278,0.273395,0.279346,0.365726
367200,0.524326,0.376008,0.395569,0.173223,0.58603,0.316299,0.27556,0.365119
370800,0.756087,0.24601,0.576173,0.257784,0.66538,0.250488,0.421651,0.350643
374400,0.266537,0.292929,0.481654,0.331938,0.727685,0.217686,0.239355,0.397421
378000,0.18869,0.222117,0.410346,0.243245,0.672815,0.259871,0.347351,0.459418
381600,0.311213,0.224614,0.353304,0.181973,0.797699,0.195421,0.27675,0.508042
385200,0.313444,0.110645,0.319248,0.204887,0.731424,0.214545,0.330349,0.61022
388800,0.246548,0.11669,0.503102,0.250035,0.662104,0.24864,0.342414,0.55831
392400,0.310591,0.192646,0.340497,0.20906,0.598444,0.196521,0.362901,0.464398
396000,0.26327,0.183007,0.34687,0.215762,0.555701,0.144603,0.171582,0.430724
399600,0.288054,0.13121,0.240175,0.227831,0.559104,0.174367,0.227535,0.350486
403200,0.211128,0.175924,0.276414,0.291886,0.480768,0.216967,0.187849,0.344657
406800,0.281607,0.110179,0.248037,0.162001,0.459482,0.169115,0.161448,0.374148
410400,0.315579,0.146591,0.22567,0.145565,0.504016,0.13396,0.184544,0.283566
414000,0.425881,0.20893,0.292334,0.149257,0.497035,0.135025,0.180483,0.328826
417600,0.487192,0.22612,0.347708,0.169146,0.388601,0.216532,0.185612,0.24212
421200,0.542495,0.186728,0.202095,0.141384,0.419815,0.259653,0.192993,0.281281
424800,0.483232,0.138695,0.213925,0.171793,0.41334,0.207857,0.230316,0.324371
428400,0.661192,0.100405,0.25552,0.196225,0.45164,0.14407,0.240691,0.369123
432000,0.517645,0.245671,0.367764,0.246562,0.509816,0.571663,0.237205,0.317569
435600,0.69622,0.259117,0.255335,0.162531,0.704283,0.232583,0.68045,0.641382
439200,0.601975,0.457811,0.334334,0.175113,0.617964,0.205354,0.502886,0.467054
442800,0.654671,0.313069,0.391391,0.262033,0.510096,0.210211,0.417685,0.34742
446400,0.608915,0.139453,0.251731,0.301694,0.385832,0.169666,0.294253,0.373486
450000,0.721226,0.117456,0.359815,0.338861,0.514261,0.319099,0.215782,0.350915
453600,0.652586,0.339126,0.519544,0.514437,0.588436,0.239116,0.256018,0.397486
457200,0.770337,0.257465,0.572797,0.458307,0.612272,0.230667,0.283853,0.475076
460800,0.444579,0.125237,0.483303,0.421999,0.601582,0.229873,0.254249,0.494282
464400,0.363145,0.210184,0.512876,0.339803,0.657728,0.289645,0.345654,0.54318
468000,0.281741,0.519637,0.57774,0.325577,0.933268,0.270592,0.419913,0.678434
471600,0.245679,0.527394,0.449888,0.373077,0.836299,0.251086,0.448582,0.689847
475200,0.270465,0.596088,0.505227,0.412887,0.866807,0.296839,0.448093,0.662149
478800,0.308868,0.489558,0.546593,0.419464,0.920017,0.228761,0.417695,0.523488
482400,0.283544,0.4807,0.529697,0.435374,0.71177,0.160794,0.370945,0.594551
486000,0.311745,0.383622,0.485463,0.451858,0.678208,0.170308,0.466868,0.482302
489600,0.192797,0.389743,0.504413,0.394698,0.614355,0.149176,0.341402,0.454431
493200,0.266452,0.400718,0.572333,0.308698,0.54663,0.105987,0.318003,0.44909
496800,0.416206,0.437223,0.51601,0.362752,0.541044,0.170497,0.525707,0.461663
500400,0.537937,0.35925,0.52141,0.353951,0.501023,0.204179,0.444801,0.466752
504000,0.632562,0.378056,0.494035,0.326889,0.460044,0.131786,0.608278,0.303518
507600,0.615547,0.342964,0.478776,0.242709,0.397512,0.228712,0.436631,0.354241
511200,0.477836,0.214223,0.51113,0.281699,0.593083,0.165943,0.684852,0.274202
514800,0.599982,0.207851,0.518536,0.270175,0.528364,0.187786,0.432705,0.306012
518400,0.549135,0.209305,0.48097,0.364819,0.549468,0.200697,0.298563,0.304537
522000,0.42349,0.388187,0.53318,0.318582,0.5407,0.19869,0.460793,0.32847
525600,0.351668,0.478382,0.477891,0.374961,0.507542,0.227189,0.270457,0.341677
529200,0.500831,0.293455,0.509865,0.424316,0.642283,0.209392,0.398418,0.365135
532800,0.508479,0.337771,0.489258,0.381431,0.533599,0.164023,0.336995,0.407724
536400,0.54479,0.143067,0.552251,0.442771,0.662118,0.221822,0.359208,0.352019
540000,0.543084,0.432604,0.614693,0.426312,0.526273,0.197415,0.337232,0.308402
543600,0.597427,0.35693,0.542512,0.363123,0.451306,0.246245,0.379574,0.39681
547200,0.242413,0.383002,0.497756,0.377966,0.545184,0.203662,0.344668,0.390593
550800,0.117171,0.452691,0.461445,0.364745,0.496103,0.259346,0.260307,0.412479
554400,0.176553,0.463249,0.416497,0.305568,0.697673,0.273872,0.326649,0.415487
558000,0.158531,0.477147,0.472359,0.296258,0.714917,0.285939,0.638006,0.689805
561600,0.154032,0.26081,0.454623,0.396361,0.744038,0.249472,0.528961,0.664098
565200,0.167993,0.380031,0.536936,0.402366,0.466268,0.171666,0.441684,0.563329
568800,0.163073,0.248354,0.510762,0.457591,0.482248,0.238878,0.394136,0.41997
572400,0.212695,0.306257,0.508575,0.453919,0.464791,0.164344,0.454641,0.426188
576000,0.388545,0.539998,0.650825,0.533073,0.405315,0.154453,0.360092,0.496325
579600,0.328813,0.522639,0.665365,0.394563,0.446869,0.201623,0.314871,0.444757
583200,0.4772,0.770823,0.475036,0.425183,0.345936,0.189309,0.287128,0.434045
586800,0.411831,0.506033,0.629068,0.489421,0.394386,0.170888,0.58425,0.347309
590400,0.650399,0.534749,0.528929,0.404487,0.325224,0.187515,0.378421,0.315016
594000,0.745729,0.523527,0.46368,0.245259,0.32005,0.260378,0.191069,0.24711
597600,0.885072,0.259387,0.468933,0.214015,0.324492,0.282768,0.232338,0.294518
601200,0.864963,0.299493,0.402298,0.343534,0.364129,0.233179,0.400857,0.310689
604800,0.787358,0.39625,0.550032,0.414744,0.346815,0.273389,0.390749,0.325648
608400,0.641051,0.577705,0.37753,0.440092,0.387029,0.246777,0.70066,0.651244
612000,0.485265,0.419709,0.408678,0.32319,0.526027,0.55847,0.691627,0.295052
615600,0.845361,0.234576,0.490206,0.30838,0.589304,0.214125,0.453888,0.333728
619200,0.669338,0.344428,0.564698,0.384839,0.409313,0.161026,0.399349,0.319473
622800,0.757639,0.243212,0.556517,0.411558,0.341884,0.253746,0.332436,0.412361
626400,0.652735,0.283768,0.629196,0.396051,0.437099,0.217529,0.361043,0.393668
630000,0.652442,0.278159,0.485779,0.368855,0.549878,0.211829,0.431994,0.437191
633600,0.32946,0.361948,0.43529,0.340541,0.410547,0.223737,0.331172,0.490882
637200,0.213439,0.444064,0.476453,0.441228,0.463421,0.231014,0.371794,0.415824
640800,0.246845,0.456441,0.551097,0.434968,0.552443,0.241203,0.299952,0.541135
644400,0.358383,0.448008,0.500402,0.420571,0.72819,0.281793,0.38021,0.649792
648000,0.329734,0.664591,0.436379,0.439109,0.736127,0.271321,0.619832,0.755496
651600,0.212648,0.709637,0.545586,0.373087,0.748043,0.205526,0.718962,0.771291
655200,0.181591,0.601752,0.466556,0.532753,0.590181,0.197576,0.410253,0.608386
658800,0.204329,0.368242,0.47483,0.339618,0.507326,0.192555,0.375335,0.529345
662400,0.222032,0.639824,0.440985,0.284522,0.461876,0.22536,0.303007,0.503534
666000,0.279547,0.581522,0.576796,0.359376,0.513179,0.194325,0.477385,0.416146
669600,0.623901,0.43978,0.508424,0.345912,0.475456,0.281235,0.445589,0.403094
673200,0.743921,0.733889,0.532078,0.383718,0.437674,0.260042,0.390886,0.430054
676800,0.661574,0.697324,0.524869,0.309126,0.427604,0.254531,0.266334,0.35267
680400,0.647788,0.507558,0.406087,0.39784,0.34764,0.23843,0.25305,0.358554
684000,0.755678,0.409703,0.393091,0.256178,0.400172,0.211166,0.222625,0.252605
687600,0.862775,0.535741,0.456549,0.368888,0.481008,0.20256,0.334033,0.284362
691200,0.77925,0.656952,0.330014,0.269438,0.46312,0.25635,0.296471,0.454265
694800,0.814189,0.771509,0.309259,0.256532,0.458101,0.353391,0.429198,0.326599
698400,0.675093,0.670669,0.398897,0.232823,0.556061,0.264753,0.54409,0.311834
702000,0.485509,0.723305,0.336064,0.291434,0.396623,0.189757,0.51891,0.367598
705600,0.84783,0.540843,0.483555,0.334171,0.502015,0.253718,0.338772,0.402668
709200,0.66656,0.683396,0.68657,0.339527,0.489011,0.260006,0.302339,0.428528
712800,0.538887,0.450433,0.568805,0.523468,0.66031,0.247114,0.294716,0.374612
716400,0.616118,0.493454,0.492755,0.470155,0.577085,0.224902,0.280367,0.553109
720000,0.303774,0.490967,0.489159,0.44012,0.619517,0.282214,0.261085,0.547549
723600,0.236528,0.32178,0.508092,0.444379,0.697886,0.478093,0.385885,0.610445
727200,0.368917,0.305838,0.485299,0.426915,0.908626,0.307617,0.354224,0.630205
730800,0.278844,0.343603,0.461341,0.361134,0.771528,0.299403,0.573305,0.538358
734400,0.234506,0.504938,0.623619,0.350284,0.894169,0.28293,0.582356,0.525636
738000,0.205588,0.609214,0.374309,0.401506,0.792613,0.273189,0.635433,0.443249
741600,0.230059,0.37922,0.470097,0.337894,0.783016,0.267393,0.604394,0.485634
745200,0.170615,0.363118,0.430001,0.33325,0.657099,0.208226,0.373877,0.295795
748800,0.172167,0.531789,0.492506,0.388821,0.86964,0.201439,0.302459,0.458954
752400,0.175344,0.493946,0.444737,0.458284,0.502304,0.165332,0.315119,0.423678
756000,0.225637,0.322859,0.493514,0.343337,0.540594,0.165904,0.413648,0.398626
759600,0.191099,0.45591,0.457781,0.357528,0.522268,0.212753,0.495714,0.49248
763200,0.612266,0.515343,0.509969,0.31901,0.509873,0.167631,0.379259,0.426913
766800,0.449737,0.668071,0.36881,0.348033,0.374536,0.210694,0.253683,1.0
770400,0.657867,0.545319,0.412398,0.339162,0.478241,0.228964,0.551846,0.346652
774000,0.593344,0.493454,0.435727,0.354422,0.494466,0.177464,0.51773,0.37349
777600,0.496999,0.383204,0.446193,0.340824,0.505373,0.227457,0.779562,0.394653
781200,0.583751,0.613194,0.406999,0.34924,0.539743,0.281583,0.486343,0.356343
784800,0.593006,0.421912,0.406433,0.307806,0.631965,0.158587,0.693664,0.378556
788400,0.438896,0.273281,0.316489,0.436292,0.644462,0.154896,0.635491,0.419685
792000,0.552871,0.313017,0.419106,0.380465,0.58893,0.121042,0.460897,0.453637
795600,0.533006,0.258508,0.5952,0.555504,0.568587,0.132335,0.30214,0.492498
799200,0.611299,0.259126,0.636363,0.450394,0.620803,0.143722,0.137156,0.516078
802800,0.52852,0.184206,0.527753,0.437797,0.691829,0.095297,0.091774,0.358581
806400,0.136539,0.207746,0.419825,0.391096,0.667472,0.135666,0.145402,0.463827
810000,0.16648,0.241068,0.525099,0.379445,0.719089,0.1703,0.140595,0.705681
813600,0.424736,0.217611,0.577129,0.551358,0.562515,0.160713,0.191617,0.411999
817200,0.635378,0.219833,0.426237,0.308454,0.699336,0.230341,0.310842,0.311198
820800,0.382153,0.29739,0.484687,0.27898,0.543468,0.208901,0.277124,0.564489
824400,0.19566,0.386196,0.445946,0.342588,0.817107,0.1619,0.273299,0.469969
828000,0.146438,0.302096,0.480614,0.347401,0.681926,0.190402,0.502577,0.332065
831600,0.477838,0.370514,0.453206,0.326185,0.584886,0.199575,0.378946,0.443051
835200,0.943478,0.252687,0.306048,0.314214,0.609269,0.128608,0.304773,0.521061
838800,1.0,0.555655,0.456444,0.374455,0.506117,0.088822,0.304912,0.359689
842400,0.88517,0.359246,0.469167,0.402457,0.535051,0.187173,0.413975,0.427618
846000,0.514141,0.543046,0.416038,0.276922,0.503745,0.126295,0.653585,0.398888
849600,0.169107,0.441761,0.373741,0.26902,0.447415,0.096926,0.405179,0.319878
853200,0.501658,0.399034,0.310113,0.258212,0.414535,0.136977,0.41069,0.273415
856800,0.441012,0.330556,0.307105,0.273408,0.47223,0.187475,0.295872,0.263142
860400,0.526184,0.213091,0.248548,0.274913,0.398716,0.168514,0.41284,0.315663
864000,0.570222,0.254161,0.242038,0.273197,0.44643,0.191373,0.302212,0.317009
867600,0.449371,0.448805,0.316807,0.316113,0.531705,0.24738,0.564455,0.442946
871200,0.324058,0.498538,0.285504,0.29104,0.468731,0.202231,0.619046,0.372958
874800,0.658119,0.36887,0.280773,0.251273,0.526736,0.166753,0.280462,0.417766
878400,0.508544,0.181225,0.290317,0.240419,0.463448,0.196467,0.201483,0.282401
882000,0.500777,0.245502,0.286278,0.171051,0.496273,0.133393,0.135125,0.627532
885600,0.601861,0.634682,0.35075,0.21527,0.465655,0.148805,0.172334,0.40344
889200,0.566639,0.36474,0.54749,0.259958,0.471714,0.118766,0.227101,0.379598
892800,0.227156,0.298663,0.362202,0.262969,0.506964,0.133616,0.193124,0.417697
896400,0.282934,0.405703,0.403322,0.286737,0.558982,0.267677,0.326727,0.47852
900000,0.159127,0.469384,0.364155,0.300929,0.494267,0.152399,0.190605,0.362778
903600,0.170516,0.428109,0.345019,0.274798,0.641331,0.110856,0.230464,0.337669
907200,0.195591,0.490428,0.394936,0.272527,0.720475,0.125354,0.24659,0.297981
910800,0.184912,0.565255,0.377392,0.303731,0.534351,0.109601,0.178524,0.283868
914400,0.22161,0.325649,0.393169,0.277759,0.541852,0.137767,0.226719,0.334256
918000,0.24496,0.404602,0.293906,0.284749,0.479727,0.137005,0.197655,0.408403
921600,0.162007,0.36841,0.502391,0.298681,0.456755,0.084098,0.147133,0.313165
925200,0.247487,0.390763,0.411424,0.248415,0.438994,0.105749,0.269066,0.362601
928800,0.58292,0.312915,0.372535,0.233386,0.418816,0.139162,0.172897,0.266422
932400,0.711867,0.204155,0.349942,0.163057,0.412674,0.100271,0.212184,0.287681
936000,0.537424,0.113846,0.251254,0.177271,0.401456,0.152325,0.221718,0.321983
939600,0.406854,0.12144,0.217866,0.186975,0.429945,0.184068,0.213056,0.239665
943200,0.427457,0.159938,0.185389,0.238168,0.416856,0.055013,0.280338,0.311711
946800,0.453281,0.121123,0.212969,0.230842,0.445777,0.129332,0.196678,0.265214
950400,0.407285,0.198924,0.279886,0.239022,0.436973,0.141023,0.159995,0.350858
954000,0.615962,0.544832,0.261045,0.191871,0.533413,0.228462,0.520408,0.384808
957600,0.498665,0.646481,0.325722,0.196205,0.450991,0.18096,1.0,0.40975
961200,0.532698,0.509561,0.318482,0.210951,0.532146,0.134108,0.281998,0.429932
964800,0.675616,0.265943,0.276076,0.241265,0.428569,0.174277,0.192372,0.423898
968400,0.629883,0.361246,0.317167,0.183416,0.50182,0.146585,0.148656,0.368914
972000,0.613003,0.460228,0.406206,0.243633,0.430377,0.13858,0.168572,0.388212
975600,0.700711,0.358602,0.346738,0.243853,0.469886,0.138498,0.168814,0.440616
979200,0.286328,0.419438,0.451278,0.216378,0.432406,0.137432,0.220398,0.513632
982800,0.217605,0.541648,0.403355,0.242163,0.575242,0.091409,0.163541,0.527684
986400,0.201238,0.470089,0.451653,0.337589,0.738224,0.15905,0.215809,0.391003
990000,0.133823,0.416648,0.38459,0.265758,0.762663,0.178922,0.17094,0.283529
993600,0.123335,0.271581,0.331748,0.304433,0.959346,0.115832,0.105539,0.770762
997200,0.180172,0.358139,0.357032,0.364964,0.655136,0.165529,0.207606,0.257951
1000800,0.300114,0.126974,0.379945,0.271655,0.443562,0.131602,0.240795,0.362359
1004400,0.325781,0.196183,0.3787,0.372936,0.491421,0.156862,0.169039,0.364183
1008000,0.356504,0.226822,0.341041,0.329095,0.362676,0.142834,0.095983,0.411222
1011600,0.449197,0.174432,0.412296,0.314474,0.41361,0.172733,0.139764,0.324283
1015200,0.596899,0.18087,0.375773,0.260585,0.316828,0.153625,0.283883,0.37214
1018800,0.808463,0.300944,0.3343,0.245276,0.293979,0.097429,0.317591,0.304629
1022400,0.639758,0.318865,0.285405,0.235369,0.305056,0.07829,0.17709,0.305648
1026000,0.657808,0.302734,0.277826,0.153196,0.274232,0.14549,0.264508,0.261774
1029600,0.603472,0.301309,0.281301,0.20506,0.289727,0.129576,0.279165,0.324474
1033200,0.690903,0.377468,0.25422,0.203649,0.38934,0.16437,0.23627,0.291805
1036800,0.637884,0.616953,0.271694,0.235638,0.401944,0.207484,0.268157,0.352582
1040400,0.69921,0.629191,0.224254,0.128228,0.369332,0.319105,0.410651,0.390667
1044000,0.799422,0.517156,0.312664,0.199035,0.425142,0.172416,0.383615,0.440676
1047600,0.619875,0.345964,0.256117,0.246387,0.435796,0.155039,0.17446,0.402908
1051200,0.609846,0.476434,0.300875,0.377686,0.383979,0.145286,0.096774,0.449366
1054800,0.59837,0.50727,0.523145,0.390693,0.405361,0.220581,0.103105,0.483396
1058400,0.75112,0.408397,0.565446,0.517476,0.501007,0.178289,0.092309,0.39228
1062000,0.693349,0.401526,0.574821,0.41388,0.480081,0.154727,0.090901,0.493956
1065600,0.518783,0.321554,0.505941,0.313087,0.479016,0.168287,0.107253,0.533651
1069200,0.524913,0.45327,0.388895,0.264773,0.629327,0.170866,0.158557,0.403666
1072800,0.503262,0.517425,0.35916,0.211973,0.751918,0.226673,0.304855,0.483463
1076400,0.496778,0.427332,0.402748,0.235091,0.797644,0.242251,0.423595,0.603165
1080000,0.530972,0.452102,0.514037,0.246715,0.828773,0.220405,0.354645,0.497358
1083600,0.606874,0.628319,0.374501,0.397499,0.68335,0.225086,0.319127,0.505702
1087200,0.582266,0.285083,0.430532,0.31619,0.550258,0.240211,0.257718,0.553591
1090800,0.584096,0.358482,0.39288,0.300415,0.553383,0.220104,0.261074,0.457593
1094400,0.573607,0.322159,0.394982,0.278547,0.495763,0.249025,0.367388,0.50925
1098000,0.246752,0.442979,0.353638,0.334922,0.47439,0.236906,0.346939,0.510289
1101600,0.465967,0.499138,0.393992,0.281674,0.427726,0.263889,0.272414,0.535687
1105200,0.634361,0.41809,0.322969,0.276249,0.441536,0.205487,0.28768,0.489192
1108800,0.534586,0.393634,0.402344,0.39351,0.371426,0.416251,0.167679,0.584723
1112400,0.731028,0.41198,0.363848,0.336376,0.446216,0.243255,0.24329,0.387431
1116000,0.633994,0.40592,0.344852,0.345029,0.401877,0.246597,0.293198,0.317766
1119600,0.7663,0.271994,0.320177,0.310466,0.346528,0.223206,0.280142,0.317388
1123200,0.762635,0.523203,0.38329,0.287048,0.387759,0.230868,0.238134,0.34807
1126800,0.723477,0.721708,0.298652,0.250869,0.433433,0.367415,0.494825,0.406184
1130400,0.636739,0.540144,0.342837,0.29063,0.413217,0.348088,0.770297,0.363597
1134000,0.711689,0.325809,0.421134,0.304228,0.54483,0.369798,0.293682,0.412248
1137600,0.715788,0.416698,0.392413,0.295146,0.711663,0.37178,0.224824,0.610684
1141200,0.651462,0.321003,0.575311,0.405301,0.508704,0.356329,0.70419,0.817744
1144800,0.558731,0.374637,0.643899,0.509822,0.513673,0.204545,0.243815,0.41577
1148400,0.774502,0.212007,0.4239,0.441355,0.532029,0.217451,0.277579,0.401489
1152000,0.29419,0.22349,0.499548,0.436883,0.479022,0.268868,0.173982,0.468762
1155600,0.341491,0.321343,0.554388,0.322004,0.553996,0.267435,0.237989,0.558541
1159200,0.254413,0.396897,0.402831,0.37903,0.648639,0.206962,0.215984,0.383242
1162800,0.356913,0.189763,0.52347,0.281152,0.707958,0.224546,0.324131,0.612236
1166400,0.365064,0.290637,0.508226,0.31122,0.775998,0.258739,0.274872,0.441957
1170000,0.27916,0.385195,0.476149,0.307419,0.655257,0.231945,0.270455,0.304893
1173600,0.324403,0.32835,0.422109,0.401303,0.893795,0.342217,0.451783,0.372303
1177200,0.326716,0.262511,0.473142,0.440577,0.898916,0.228383,0.533017,0.44775
1180800,0.320829,0.350644,0.494655,0.260299,0.555293,0.281245,0.392712,0.477655
1184400,0.311248,0.340888,0.494082,0.347573,0.481865,0.201681,0.481461,0.487386
1188000,0.313443,0.491555,0.469116,0.385693,0.39582,0.257323,0.552466,0.359704
1191600,0.39773,0.426082,0.395764,0.307168,0.44343,0.192571,0.483531,0.441452
1195200,0.410762,0.519136,0.410429,0.290161,0.416828,0.227501,0.285693,0.4015
1198800,0.687077,0.392852,0.48196,0.32277,0.364303,0.321394,0.256628,0.350242
1202400,0.488122,0.321064,0.412384,0.333674,0.324825,0.212688,0.294297,0.308279
1206000,0.599351,0.299362,0.307395,0.256929,0.420992,0.231136,0.444023,0.390442
1209600,0.590175,0.447797,0.342111,0.279345,0.56424,0.293882,0.342892,0.340227
1213200,0.564841,0.64503,0.295608,0.230047,0.52826,0.299166,0.321455,0.475483
1216800,0.562043,0.619135,0.364315,0.198775,0.523616,0.284806,0.785926,0.602323
1220400,0.739165,0.372978,0.431052,0.254765,0.445231,0.54032,0.30261,0.60848
1224000,0.610071,0.391431,0.351008,0.246394,0.437671,0.270626,0.229213,0.351755
1227600,0.638742,0.373441,0.76137,0.375609,0.465426,0.222636,0.26188,0.508875
1231200,0.630808,0.480223,0.586289,0.556963,0.566837,0.204452,0.175829,0.494634
1234800,0.612469,0.442691,0.471254,0.477114,0.811304,0.205362,0.25069,0.586722
1238400,0.270842,0.363264,0.481571,0.4246,0.533836,0.195489,0.215667,0.582784
1242000,0.199077,0.396683,0.475782,0.390122,0.693811,0.249944,0.159707,0.851027
1245600,0.242351,0.312845,0.437558,0.373079,0.76244,0.256291,0.330659,0.715078
1249200,0.20595,0.863682,0.57229,0.310552,0.800264,0.236838,0.546184,0.796837
1252800,0.248026,0.616193,0.630757,0.386386,0.725084,0.211897,0.389509,0.653812
1256400,0.123799,0.54109,0.627671,0.368831,0.908697,0.224106,0.272066,0.4891
1260000,0.14493,0.461391,0.527246,0.521327,0.876441,0.179657,0.228899,0.561723
1263600,0.151985,0.381602,0.476983,0.455422,0.806032,0.157844,0.217659,0.448956
1267200,0.277635,0.342473,0.481672,0.454251,0.757489,0.27967,0.354394,0.66455
1270800,0.388445,0.549223,0.537062,0.467544,0.506364,0.378178,0.424611,0.606903
1274400,0.378629,0.495893,0.517939,0.379713,0.486042,0.357421,0.209066,0.869919
1278000,0.392765,0.439998,0.462934,0.335083,0.439612,0.292148,0.479844,0.741216
1281600,0.657195,0.668765,0.542012,0.329097,0.652218,0.243238,0.42207,0.537658
1285200,0.529403,0.433936,0.363505,0.360661,0.437368,0.226783,0.450547,0.387438
1288800,0.436319,0.463732,0.47362,0.31964,0.394364,0.239072,0.530689,0.491181
1292400,0.389789,0.548413,0.491507,0.320384,0.459791,0.27199,0.519692,0.411615
1296000,0.559856,0.677489,0.437266,0.380282,0.449772,0.276597,0.459201,0.464345
1299600,0.478462,0.655404,0.390105,0.238542,0.457525,0.278165,0.568396,0.555126
1303200,0.566486,0.516191,0.310868,0.233432,0.496336,0.272342,0.479646,0.476482
1306800,0.768334,0.308869,0.394921,0.248379,0.561395,0.272402,0.335069,0.450916
1310400,0.669617,0.285981,0.346646,0.246013,0.536298,0.320031,0.235264,0.529374
1314000,0.67271,0.27499,0.652609,0.533333,0.679949,0.267437,0.229736,0.465541
1317600,0.769657,0.256256,0.614505,0.585859,0.576547,0.316851,0.323315,0.508315
1321200,0.793747,0.410223,0.529538,0.549237,0.892267,0.29216,0.336329,0.625638
1324800,0.237754,0.338165,0.432018,0.504253,0.740346,0.327949,0.389036,0.515034
1328400,0.186532,0.540447,0.516954,0.385061,0.869077,0.353091,0.315038,0.592861
1332000,0.116599,0.518055,0.552454,0.35393,0.767153,0.365802,0.307589,0.598437
1335600,0.095793,0.379711,0.634919,0.364743,0.796948,0.282694,0.301649,0.582864
1339200,0.188635,0.213759,0.545176,0.444134,0.757139,0.259716,0.570295,0.569713
1342800,0.092547,0.409384,0.393476,0.331405,0.832593,0.266193,0.421524,0.502549
1346400,0.103201,0.395093,0.531661,0.385081,0.793864,0.233049,0.293105,0.407192
1350000,0.167448,0.350931,0.531655,0.35248,0.671224,0.257554,0.196217,0.565531
1353600,0.206602,0.343828,0.422086,0.3334,0.651383,0.223664,0.199968,0.490568
1357200,0.305018,0.347496,0.490351,0.379407,0.611238,0.201224,0.273793,0.491398
1360800,0.306565,0.246201,0.54131,0.355156,0.604319,0.235758,0.445812,0.478595
1364400,0.646643,0.493516,0.529941,0.419585,0.575963,0.178807,0.424759,0.393235
1368000,0.404916,0.503167,0.5388,0.400769,0.515817,0.260523,0.430998,0.417696
1371600,0.484053,0.517074,0.460157,0.315351,0.559094,0.246454,0.426811,0.410186
1375200,0.692849,0.535534,0.360744,0.392247,0.482127,0.215703,0.403595,0.393957
1378800,0.51647,0.389309,0.496208,0.339552,0.535059,0.246262,0.525929,0.34637
1382400,0.522082,0.599551,0.396493,0.304008,0.555535,0.365973,0.300675,0.373834
1386000,0.493336,0.698289,0.416131,0.277786,0.505719,0.292168,0.252977,0.473984
1389600,0.543398,0.616714,0.514684,0.388405,0.613052,0.33124,0.355152,0.3986
1393200,0.620419,0.287715,0.468604,0.360871,0.53546,0.240022,0.321498,0.502912
1396800,0.662939,0.252241,0.314813,0.257089,0.495182,0.229847,0.286312,0.397168
1400400,0.86181,0.312955,0.389229,0.429167,0.451838,0.212339,0.156464,0.436198
1404000,0.819331,0.6629,0.55799,0.597268,0.600246,0.187796,0.23417,0.432257
1407600,0.76348,0.279294,0.617061,0.511992,0.632026,0.22093,0.120186,0.446028
1411200,0.319953,0.522935,0.533278,0.467374,0.667406,0.181657,0.368866,0.523098
1414800,0.257318,0.400966,0.402765,0.332639,0.683544,0.217628,0.238571,0.454856
1418400,0.226484,0.442112,0.496499,0.329372,0.663602,0.226961,0.234501,0.55556
1422000,0.179785,0.327787,0.672758,0.400215,0.730421,0.181154,0.357961,0.446117
1425600,0.292984,0.678698,0.552936,0.499695,0.727515,0.210687,0.608783,0.439794
1429200,0.20518,0.391069,0.500623,0.300466,0.679765,0.205448,0.495994,0.407306
1432800,0.40218,0.417643,0.53782,0.307234,0.627622,0.223112,0.433273,0.484342
1436400,0.186359,0.486755,0.461516,0.34895,0.573297,0.18552,0.387048,0.495139
1440000,0.27233,0.31316,0.434211,0.385012,0.592881,0.17521,0.152519,0.591088
1443600,0.497042,0.370084,0.430963,0.277564,0.511399,0.251358,0.237558,0.483764
1447200,0.315867,0.493876,0.486085,0.244147,0.526448,0.236799,0.197005,0.360484
1450800,0.738499,0.385931,0.379394,0.302516,0.545571,0.211584,0.541677,0.376197
1454400,0.516629,0.410996,0.431702,0.312578,0.4832,0.195611,0.666316,0.376923
1458000,0.488797,0.316356,0.255905,0.190162,0.459692,0.218718,0.619831,0.29456
1461600,0.522928,0.232001,0.351511,0.199825,0.479079,0.156957,0.57614,0.318134
1465200,0.709992,0.336212,0.313212,0.191341,0.444591,0.151542,0.391991,0.290962
1468800,0.592049,0.39482,0.318774,0.182153,0.53254,0.236029,0.282577,0.362273
1472400,0.596476,0.417967,0.326021,0.160496,0.463298,0.224068,0.387844,0.311415
1476000,0.451316,0.297404,0.32325,0.191198,0.488816,0.168566,0.531759,0.405785
1479600,0.763523,0.250791,0.381652,0.186209,0.541237,0.175613,0.383889,0.390705
1483200,0.726281,0.174277,0.275072,0.240835,0.513924,0.217752,0.265261,0.404606
1486800,0.609388,0.160892,0.432246,0.209274,0.540872,0.253212,0.306917,0.362466
1490400,0.586172,0.334132,0.297593,0.147592,0.472006,0.275542,0.241553,0.37463
1494000,0.7321,0.346182,0.323338,0.255175,0.52766,0.299344,0.190834,0.389847
1497600,0.381916,0.251512,0.406977,0.274059,0.443618,0.187935,0.146846,0.464599
1501200,0.183569,0.32443,0.372771,0.205129,0.501647,0.205227,0.081664,0.429971
1504800,0.168529,0.528577,0.373297,0.273169,0.515391,0.211582,0.154937,0.40919
1508400,0.114356,0.374898,0.394222,0.22252,0.541991,0.148717,0.141305,0.355245
1512000,0.171128,0.506698,0.38451,0.310065,0.580614,0.157323,0.180747,0.369097
1515600,0.254186,0.479023,0.394253,0.254929,0.613047,0.24872,0.137799,0.456046
1519200,0.213516,0.409895,0.370952,0.270563,0.652762,0.229029,0.23846,0.24835
1522800,0.128307,0.387253,0.294043,0.244974,0.592187,0.19832,0.20814,0.395808
1526400,0.158105,0.184325,0.303378,0.183102,0.524693,0.258743,0.165983,0.40031
1530000,0.152389,0.279914,0.309502,0.194035,0.52027,0.245921,0.185948,0.365729
1533600,0.188265,0.308011,0.335903,0.170479,0.470596,0.245293,0.237532,0.3385
1537200,0.614032,0.277305,0.263804,0.151356,0.439791,0.190431,0.135955,0.314546
1540800,0.461296,0.292444,0.267761,0.155003,0.476666,0.192954,0.137592,0.332262
1544400,0.370298,0.208553,0.266083,0.14699,0.48983,0.194473,0.238706,0.31261
1548000,0.586906,0.19848,0.235409,0.181246,0.492155,0.155992,0.195264,0.262894
1551600,0.504002,0.169983,0.250929,0.143274,0.468733,0.14418,0.198043,0.279934
1555200,0.428634,0.205493,0.320819,0.136492,0.456469,0.179428,0.176347,0.289424
1558800,0.693201,0.467648,0.324986,0.134503,0.531346,0.205037,0.40021,0.30289
1562400,0.583212,0.355997,0.275001,0.15114,0.472275,0.178869,0.739818,0.364168
1566000,0.537415,0.273104,0.287543,0.155924,0.5197,0.162971,0.275408,0.388753
1569600,0.338736,0.274237,0.297289,0.15605,0.452279,0.155287,0.174943,0.361514
1573200,0.25618,0.22043,0.468047,0.153566,0.494152,0.153695,0.113039,0.391311
1576800,0.499086,0.311474,0.365262,0.140495,0.407152,0.128582,0.149187,0.355631
1580400,0.609924,0.362908,0.319734,0.192407,0.465626,0.108118,0.067281,0.369171
1584000,0.335246,0.347521,0.385791,0.185524,0.460897,0.138392,0.134182,0.382236
1587600,0.153918,0.475115,0.264279,0.175846,0.547248,0.177439,0.071669,0.231634
1591200,0.117084,0.49776,0.323104,0.244938,0.683823,0.160793,0.163795,0.357693
1594800,0.080028,0.348776,0.342924,0.18805,0.596563,0.169904,0.175357,0.320707
1598400,0.049274,0.368807,0.258912,0.237883,0.606923,0.146683,0.089407,0.331113
1602000,0.103903,0.470289,0.292382,0.183548,0.64471,0.149449,0.119642,0.356085
1605600,0.252441,0.246684,0.317332,0.186395,0.581166,0.166526,0.157617,0.144047
1609200,0.169109,0.244657,0.275915,0.20115,0.55988,0.145777,0.19423,0.3154
1612800,0.518772,0.209672,0.222096,0.260943,0.498252,0.139848,0.291891,0.408242
1616400,0.329519,0.192013,0.264939,0.178966,0.567916,0.188495,0.260447,0.423901
1620000,0.363431,0.229775,0.282326,0.142419,0.449582,0.154187,0.243479,0.386499
1623600,0.444463,0.152289,0.223371,0.153014,0.428258,0.442591,0.220207,0.335155
1627200,0.300853,0.184932,0.289599,0.16259,0.434298,0.180321,0.220762,0.300355
1630800,0.25304,0.207209,0.291028,0.152838,0.364239,0.180384,0.23884,0.322482
1634400,0.356993,0.336103,0.28522,0.198038,0.406452,0.146993,0.202715,0.329977
1638000,0.418758,0.38265,0.247095,0.143387,0.397561,0.132291,0.14681,0.236431
1641600,0.556591,0.818306,0.227167,0.228029,0.500346,0.205275,0.250036,0.299642
1645200,0.812682,0.688427,0.230502,0.254615,0.475273,0.2377,0.18922,0.366547
1648800,0.696354,0.678429,0.218765,0.235912,0.396085,0.201672,0.582276,0.38857
1652400,0.639876,0.613416,0.301065,0.240884,0.418681,0.210691,0.616817,0.329715
1656000,0.719655,0.56151,0.287598,0.383768,0.439711,0.200905,0.336813,0.407274
1659600,0.68979,0.548612,0.491475,0.300745,0.58107,0.200347,0.193652,0.425536
1663200,0.613863,0.617055,0.499533,0.556163,0.518605,0.15562,0.138515,0.293171
1666800,0.788707,0.7409,0.449149,0.545594,0.628658,0.161026,0.106394,0.379229
1670400,0.275327,0.507947,0.451127,0.42235,0.468244,0.168562,0.132309,0.42535
1674000,0.206353,0.543341,0.46048,0.317122,0.533061,0.194365,0.192063,0.343928
1677600,0.32757,1.0,0.42712,0.569125,0.644031,0.268378,0.167513,0.396332
1681200,0.180253,0.615501,0.396172,0.437333,0.859057,0.192001,0.275938,0.498522
1684800,0.187744,0.559539,0.571879,0.442332,0.7655,0.213202,0.32377,0.432122
1688400,0.31792,0.657619,0.501057,0.445193,0.854563,0.209354,0.292002,0.320163
1692000,0.130898,0.739372,0.510431,0.339503,0.800947,0.240784,0.17157,0.422473
1695600,0.283893,0.608501,0.40172,0.341991,0.568406,0.207132,0.327117,0.414382
1699200,0.206385,0.618267,0.403653,0.259219,0.482622,0.249835,0.342692,0.471933
1702800,0.242034,0.622376,0.404372,0.366738,0.449911,0.210523,0.315112,0.417427
1706400,0.464425,0.537011,0.456928,0.306982,0.428196,0.176501,0.36768,0.367676
1710000,0.599535,0.473847,0.34751,0.272258,0.387381,0.215392,0.638182,0.463005
1713600,0.552555,0.651178,0.337423,0.279286,0.3935,0.163969,0.542778,0.366318
1717200,0.659007,0.521018,0.309499,0.194292,0.488306,0.200217,0.294787,0.339406
1720800,0.727403,0.558259,0.383191,0.17883,0.492931,0.216167,0.284716,0.342027
1724400,0.528267,0.543323,0.301535,0.286343,0.453627,0.196382,0.508156,0.339496
1728000,0.571542,0.747452,0.378845,0.300603,0.449721,0.203109,0.627989,0.310131
1731600,0.659284,0.579561,0.381293,0.235086,0.519033,0.331552,0.502807,0.364169
1735200,0.44998,0.322772,0.396878,0.203643,0.39236,0.265792,0.475799,0.398061
1738800,0.440971,0.287466,0.332028,0.216673,0.500628,0.203852,0.500832,0.359164
1742400,0.812689,0.27273,0.346379,0.310363,0.472082,0.217296,0.352974,0.333208
1746000,0.767852,0.457529,0.483542,0.39013,0.46819,0.187098,0.152912,0.379036
1749600,0.691255,0.396403,0.730468,0.568413,0.470385,0.214365,0.198863,0.44374
1753200,0.661387,0.141524,0.522603,0.505746,0.450158,0.200426,0.122268,0.44471
1756800,0.359672,0.372292,0.477981,0.296143,0.634462,0.19199,0.141602,0.427801
1760400,0.120928,0.201519,0.441613,0.250347,0.599783,0.242363,0.110295,0.337822
1764000,0.365637,0.385624,0.446398,0.332967,0.704444,0.237823,0.186162,0.476571
1767600,0.331217,0.387546,0.450131,0.337966,0.58871,0.190499,0.372245,0.599244
1771200,0.261924,0.418688,0.545758,0.349104,0.710138,0.26039,0.23676,0.381337
1774800,0.239411,0.491991,0.407454,0.319124,0.621016,0.203144,0.274993,0.400406
1778400,0.278213,0.362628,0.491674,0.391596,0.878518,0.218312,0.336924,0.462269
1782000,0.185371,0.413455,0.357763,0.358505,0.502018,0.221062,0.536923,0.422652
1785600,0.321907,0.400468,0.402118,0.338077,0.788171,0.170786,0.556954,0.827677
1789200,0.245549,0.383764,0.438093,0.335776,0.973915,0.218831,0.70294,0.504615
1792800,0.379841,0.508791,0.470905,0.385249,0.48714,0.337177,0.478153,0.480992
1796400,0.452853,0.554274,0.632493,0.365451,0.464191,0.24914,0.994513,0.46222
1800000,0.486037,0.460911,0.500984,0.329427,0.46433,0.249326,0.371833,0.475273
1803600,0.711123,0.405268,0.439865,0.301875,0.373875,0.219591,0.292662,0.365186
1807200,0.717414,0.344308,0.387019,0.320868,0.336305,0.269089,0.381205,0.383162
1810800,0.701541,0.340271,0.418116,0.453389,0.35265,0.388039,0.344555,0.350865
1814400,0.652413,0.522641,0.371038,0.264179,0.513576,0.165298,0.658316,0.409367
1818000,0.734701,0.504531,0.397074,0.253593,0.738037,0.243634,0.512201,0.446142
1821600,0.558628,0.321092,0.450562,0.298591,0.457535,0.227304,0.542172,0.330066
1825200,0.749153,0.290571,0.428824,0.190696,0.517746,0.199053,0.527283,0.425545
1828800,0.781427,0.341872,0.364148,0.262099,0.401727,0.211253,0.302222,0.368511
1832400,0.745572,0.222102,0.464898,0.431024,0.399118,0.196904,0.27068,0.376415
1836000,0.586972,0.399208,0.471763,0.4674,0.449027,0.185577,0.196835,0.393753
1839600,0.878905,0.365571,0.41792,0.443858,0.426416,0.143948,0.193319,0.395971
1843200,0.337227,0.279506,0.546973,0.421976,0.357356,0.1932,0.251589,0.538568
1846800,0.275496,0.387233,0.397544,0.322735,0.565183,0.2317,0.196977,0.513137
1850400,0.657616,0.553903,0.37033,0.291092,0.590883,0.269128,0.339314,0.542616
1854000,0.518554,0.432408,0.476271,0.344171,0.680389,0.264732,0.532205,0.488478
1857600,0.161894,0.684893,0.435614,0.432867,0.753466,0.178485,0.518674,0.444451
1861200,0.194028,0.492292,0.486428,0.349769,0.904863,0.244533,0.577803,0.465597
1864800,0.171348,0.234318,0.660067,0.312998,0.825303,0.262202,0.556011,0.519111
1868400,0.139159,0.297184,0.706027,0.246917,0.758601,0.249461,0.407497,0.522585
1872000,0.174451,0.47941,0.533702,0.388272,0.605869,0.305889,0.417619,0.579796
1875600,0.210517,0.404322,0.496287,0.295216,0.515484,0.253211,0.514633,0.607369
1879200,0.191451,0.371858,0.534836,0.32361,0.596039,0.297002,0.479701,0.609611
1882800,0.198781,0.494544,0.578815,0.238677,0.481146,0.211361,0.459603,0.596902
1886400,0.744021,0.576485,0.471253,0.395487,0.502059,0.219031,0.31516,0.621701
1890000,0.315662,0.54048,0.349319,0.462473,0.41592,0.214425,0.273519,0.487412
1893600,0.343348,0.52921,0.473544,0.388246,0.563811,0.23897,0.645793,0.490469
1897200,0.525135,0.502327,0.510368,0.438879,0.534358,0.200671,0.487333,0.458158
1900800,0.452244,0.718549,0.419264,0.259101,0.528044,0.237093,0.509452,0.323085
1904400,0.57678,0.857845,0.351007,0.183889,0.647008,0.268928,0.476718,0.475545
1908000,0.535601,0.778329,0.432223,0.178804,0.538466,0.225458,0.377823,0.400616
1911600,0.643503,0.568068,0.439356,0.204569,0.574282,0.255486,0.335687,0.44473
1915200,0.572955,0.545375,0.395281,0.310857,0.686425,0.225366,0.353104,0.399651
1918800,0.593944,0.785957,0.469178,0.348201,0.800748,0.233722,0.351099,0.783626
1922400,0.725023,0.752909,0.714965,0.447833,0.655514,0.238719,0.62717,0.404093
1926000,0.541651,0.756831,0.524832,0.422789,0.617806,0.241602,0.531837,0.487749
1929600,0.41964,0.538319,0.544929,0.374694,0.523986,0.348898,0.564263,0.493405
1933200,0.121181,0.63721,0.416414,0.303315,0.456979,0.253303,0.496662,0.47669
1936800,0.239213,0.458049,0.495344,0.272883,0.682356,0.229717,0.434425,0.535271
1940400,0.108119,0.528183,0.563779,0.272667,0.798545,0.26154,0.406342,0.677492
1944000,0.108787,0.761685,0.561841,0.31577,0.714339,0.248457,0.719652,0.739705
1947600,0.105215,0.607013,0.499537,0.394678,0.778083,0.240052,0.407902,0.669979
1951200,0.142838,0.614364,0.538943,0.305556,0.677286,0.322128,0.620554,0.518547
1954800,0.1251,0.596484,0.398758,0.371436,0.635887,0.317186,0.463936,0.599816
1958400,0.22105,0.62737,0.484476,0.255621,0.841741,0.213228,0.395598,0.51454
1962000,0.25055,0.502902,0.450658,0.329215,0.526284,0.281846,0.373491,0.452638
1965600,0.242662,0.656657,0.439367,0.26354,0.625546,0.207621,0.453383,0.643979
1969200,0.336441,0.675789,0.459096,0.385976,0.7329,0.219038,0.553155,0.385265
1972800,0.386852,0.76493,0.419022,0.375809,0.423955,0.119166,0.538171,0.376775
1976400,0.440515,0.753251,0.37202,0.487244,0.265154,0.16097,0.437596,0.36175
1980000,0.448785,0.765496,0.415151,0.627752,0.24261,0.182265,0.526104,0.32903
1983600,0.544166,0.642845,0.408388,0.530106,0.312941,0.167956,0.447858,0.299326
1987200,0.434083,0.707379,0.464198,0.549526,0.400255,0.21526,0.393894,0.300792
1990800,0.466319,0.87187,0.373366,0.517122,0.661448,0.225838,0.580337,0.298361
1994400,0.479169,0.5955,0.40464,0.310913,0.603413,0.242405,0.730983,0.298018
1998000,0.409073,0.502369,0.386924,0.394935,0.504792,0.194642,0.645766,0.402993
2001600,0.447285,0.46898,0.344657,0.396366,0.389015,0.207019,0.787111,0.410698
2005200,0.495561,0.444492,0.630417,0.488193,0.43149,0.26313,0.639586,0.464598
2008800,0.744041,0.599368,0.610084,0.52163,0.560354,0.269353,0.369642,0.436136
2012400,0.726432,0.56186,0.547214,0.556239,0.589105,0.281689,0.446687,0.413014
2016000,0.282568,0.555589,0.454228,0.45574,0.465182,0.188494,0.352256,0.304141
2019600,0.357734,0.527697,0.417348,0.335671,0.763575,0.240442,0.397582,0.367073
2023200,0.168999,0.627992,0.574805,0.446238,0.629701,0.243731,0.308263,0.314262
2026800,0.168903,0.340046,0.480443,0.37258,0.717696,0.306083,0.431536,0.313825
2030400,0.246484,0.221258,0.59695,0.424142,0.776152,0.282809,0.662189,0.504823
2034000,0.275197,0.565613,0.527617,0.433859,0.698151,0.258044,0.498418,0.4988
2037600,0.211095,0.387608,0.59553,0.259086,0.713946,0.32549,0.292642,0.373745
2041200,0.33083,0.459057,0.515315,0.354171,0.720529,0.210226,0.267048,0.24955
2044800,0.271652,0.4725,0.458717,0.279754,0.556222,0.263718,0.434536,0.434548
2048400,0.318757,0.583122,0.814172,0.421837,0.457886,0.247221,0.383809,0.43065
2052000,0.312691,0.575297,0.548619,0.433698,0.5349,0.254335,0.554967,0.418659
2055600,0.540393,0.550818,0.416495,0.391797,0.507789,0.246631,0.49213,0.424663
2059200,0.470139,0.426673,0.387712,0.497267,0.429632,0.211729,0.369351,0.378575
2062800,0.537538,0.386737,0.305322,0.290405,0.364461,0.216537,0.270034,0.351108
2066400,0.448522,0.364556,0.396265,0.339102,0.396148,0.168235,0.323514,0.269182
2070000,0.48594,0.461733,0.43904,0.447713,0.452299,0.58394,0.339829,0.358195
2073600,0.513526,0.457639,0.364638,0.468217,0.449892,0.491029,0.52177,0.333384
2077200,0.659325,0.602464,0.391841,0.343942,0.429502,0.273213,0.620221,0.333594
2080800,0.518335,0.344529,0.383111,0.374293,0.457416,0.230842,0.805947,0.337488
2084400,0.522996,0.214013,0.410941,0.568422,0.4273,0.182127,0.809064,0.346485
2088000,0.794273,0.19003,0.392333,0.401388,0.441634,0.252535,0.487174,0.374405
2091600,0.841441,0.24604,0.46768,0.272588,0.406023,0.224483,0.167565,0.334159
2095200,0.908578,0.360786,0.362705,0.339099,0.482055,0.198008,0.181656,0.329109
2098800,0.771144,0.281002,0.481281,0.486812,0.426912,0.194523,0.146918,0.41878
2102400,0.216122,0.372971,0.489876,0.430172,0.429953,0.191121,0.069849,0.46843
2106000,0.248852,0.352046,0.555438,0.456706,0.389788,0.197027,0.098722,0.485608
2109600,0.229276,0.325313,0.436548,0.407005,0.379593,0.171593,0.137746,0.802163
2113200,0.175262,0.230649,0.397427,0.553326,0.517516,0.175836,0.194168,0.612746
2116800,0.175976,0.313553,0.42386,0.405061,0.471375,0.165163,0.124569,0.590352
2120400,0.12318,0.297678,0.400561,0.44622,0.382847,0.28251,0.005073,0.494957
2124000,0.173248,0.281053,0.371657,0.562283,0.377532,0.247685,0.034387,0.56813
2127600,0.186849,0.340336,0.316054,0.402193,0.430238,0.134271,0.0,0.410989
2131200,0.259267,0.440697,0.372604,0.43363,0.332151,0.171858,0.122046,0.410052
2134800,0.170653,0.338193,0.300371,0.43955,0.409147,0.319709,0.200192,0.407735
2138400,0.253232,0.568158,0.40035,0.401033,0.438373,0.342048,0.16627,0.332351
2142000,0.675599,0.490557,0.391888,0.291952,0.386825,0.27545,0.144515,0.375039
2145600,0.671357,0.397964,0.401731,0.310347,0.370141,0.320759,0.233933,0.389385
2149200,0.642852,0.405623,0.413002,0.224204,0.35813,0.466179,0.209704,0.326165
2152800,0.892556,0.449133,0.425847,0.322048,0.393223,0.186356,0.531962,0.319027
2156400,0.819674,0.23799,0.31836,0.425916,0.414943,0.131039,0.541662,0.309594
2160000,0.596997,0.560054,0.344892,0.397045,0.447054,0.170987,0.255712,0.267117
2163600,0.735672,0.68823,0.359464,0.222801,0.423712,0.284122,0.59211,0.312278
2167200,0.652917,0.585394,0.450275,0.272741,0.416982,0.199691,0.802286,0.317971
2170800,0.651319,0.39333,0.381713,0.362889,0.391029,0.147367,0.356577,0.336729
2174400,0.640373,0.298113,0.270918,0.289107,0.421593,0.183394,0.191107,0.44822
2178000,0.698993,0.24642,0.341755,0.166211,0.38663,0.176577,0.154094,0.278128
2181600,0.688777,0.411917,0.592801,0.425436,0.424239,0.171974,0.063478,0.273659
2185200,0.791254,0.471373,0.554212,0.434558,0.440641,0.121381,0.101021,0.321136
2188800,0.439052,0.465684,0.571673,0.387199,0.53028,0.164326,0.120159,0.378694
2192400,0.515419,0.6339,0.484233,0.301283,0.611215,0.183501,0.086853,0.617283
2196000,0.278719,0.594942,0.43724,0.331149,0.580795,0.137632,0.013281,0.765582
2199600,0.240863,0.466282,0.540678,0.262428,0.692833,0.198154,0.097594,0.59615
2203200,0.331811,0.52353,0.479477,0.329353,0.778209,0.168999,0.23291,0.622719
2206800,0.351662,0.449981,0.380496,0.33851,0.560733,0.161834,0.189047,0.667471
2210400,0.332456,0.525952,0.474536,0.287931,0.430362,0.227473,0.1003,0.592754
2214000,0.349553,0.437435,0.490548,0.273984,0.438255,0.132545,0.205326,0.663656
2217600,0.314012,0.370306,0.368993,0.304195,0.436861,0.182005,0.116533,0.493457
2221200,0.375317,0.436061,0.40898,0.334746,0.432395,0.194498,0.19601,0.506735
2224800,0.595312,0.57089,0.486359,0.212067,0.377741,0.159117,0.080596,0.424698
2228400,0.53905,0.280496,0.373346,0.224433,0.408724,0.109744,0.1176,0.388962
2232000,0.495856,0.310869,0.254764,0.277655,0.406675,0.135748,0.024153,0.479596
2235600,0.345519,0.343402,0.221717,0.209685,0.352488,0.148632,0.035698,0.496009
2239200,0.438431,0.335628,0.256897,0.256067,0.317455,0.138341,0.15427,0.345312
2242800,0.607036,0.331796,0.20998,0.298391,0.659835,0.163909,0.170633,0.305412
2246400,0.518169,0.792204,0.386067,0.294966,0.590659,0.164979,0.130478,0.351514
2250000,0.64832,0.672169,0.35948,0.286947,0.331994,0.475823,0.751209,0.341359
2253600,0.693489,0.604236,0.319618,0.282348,0.437288,0.171399,0.566481,0.974118
2257200,0.527227,0.446882,0.374536,0.393873,0.352576,0.181225,0.224283,0.343761
2260800,0.467215,0.526865,0.333091,0.403999,0.397455,0.183807,0.040841,0.394828
2264400,0.550161,0.54089,0.533808,0.416812,0.451766,0.199334,0.11707,0.383208
2268000,0.674312,0.529528,0.5577,0.499673,0.625274,0.181056,0.121334,0.500648
2271600,0.799102,0.63331,0.602717,0.493731,0.570177,0.178323,0.04304,0.534244
2275200,0.469922,0.2597,0.678821,0.442955,0.454214,0.18346,0.030629,0.686035
2278800,0.497198,0.443178,0.470806,0.511354,0.550563,0.176925,0.05973,0.709736
2282400,0.447546,0.511124,0.444876,0.436937,0.681405,0.16173,0.073362,0.776656
2286000,0.277389,0.572247,0.492205,0.357516,0.82527,0.260204,0.058471,0.610082
2289600,0.235982,0.585643,0.539329,0.435456,0.66626,0.20144,0.090038,0.823414
2293200,0.2814,0.505504,0.507804,0.411159,0.676416,0.256852,0.157139,0.706563
2296800,0.317525,0.340154,0.483536,0.433871,0.432701,0.230534,0.248902,0.760102
2300400,0.379236,0.410719,0.490413,0.483171,0.395126,0.192744,0.137176,0.56788
2304000,0.312711,0.244927,0.348067,0.529734,0.379739,0.199832,0.164685,0.504785
2307600,0.23462,0.299431,0.377295,0.245771,0.336656,0.261148,0.056946,0.563036
2311200,0.271832,0.432367,0.351155,0.267051,0.381028,0.177526,0.0659,0.571334
2314800,0.287976,0.288355,0.27286,0.225894,0.44268,0.223291,0.125343,0.548821
2318400,0.525552,0.311506,0.418677,0.298826,0.350585,0.19418,0.064293,0.6036
2322000,0.533575,0.259282,0.330254,0.222597,0.375884,0.211651,0.100516,0.577101
2325600,0.723012,0.236506,0.245906,0.280685,0.383946,0.148755,0.240482,0.461606
2329200,0.865849,0.200955,0.267267,0.241601,0.388461,0.17691,0.219822,0.410376
2332800,0.872952,0.257377,0.24201,0.306778,0.414831,0.247242,0.13471,0.417661
2336400,0.868466,0.366586,0.32715,0.205733,0.352321,0.239707,0.553859,0.400611
2340000,0.591473,0.434119,0.205401,0.241225,0.379546,0.220454,0.444205,0.38218
2343600,0.771708,0.31216,0.275311,0.235811,0.420427,0.170714,0.284375,0.350967
2347200,0.66908,0.403427,0.19176,0.25828,0.405336,0.195741,0.114496,0.39646
2350800,0.709911,0.272046,0.500107,0.36115,0.42016,0.201152,0.08521,0.370491
2354400,0.599213,0.423936,0.48678,0.507804,0.404567,0.189164,0.117405,0.354242
2358000,0.625991,0.400062,0.60189,0.433439,0.547515,0.188554,0.094195,0.476259
2361600,0.351035,0.497653,0.489032,0.423793,0.556708,0.233654,0.06936,0.440058
2365200,0.453315,0.354775,0.440201,0.404548,0.49745,0.250816,0.160461,0.47534
2368800,0.659912,0.377145,0.370127,0.447664,0.649429,0.268354,0.161163,0.48224
2372400,0.549494,0.770353,0.479769,0.394927,0.741046,0.298531,0.106883,0.426906
2376000,0.537871,0.737262,0.416219,0.309824,0.624422,0.30927,0.075128,0.760921
2379600,0.349143,0.528982,0.415364,0.420666,0.614593,0.225614,0.200481,0.544216
2383200,0.384223,0.533639,0.468298,0.482966,0.588497,0.269666,0.349276,0.345746
2386800,0.553903,0.393436,0.593474,0.31254,0.448953,0.247212,0.324054,0.3707
2390400,0.412002,0.615996,0.575977,0.513539,0.447133,0.271372,0.075157,0.472356
2394000,0.342766,0.48329,0.896929,0.544709,0.416235,0.22009,0.321048,0.462302
2397600,0.217563,0.560615,0.732225,0.67512,0.499277,0.363742,0.598696,0.527051
2401200,0.375823,0.664942,0.592005,0.611275,0.447755,0.21533,0.536435,0.646428
2404800,0.486085,0.549201,0.59292,0.425362,0.349467,0.264903,0.450019,0.53971
2408400,0.597012,0.377848,0.288878,0.750834,0.522051,0.23891,0.624498,0.450927
2412000,0.525102,0.347679,0.296941,1.0,0.384363,0.161687,0.594958,0.500883
2415600,0.485927,0.490651,0.701419,0.701874,0.390084,0.174359,0.456385,0.523634
2419200,0.559222,0.470476,0.48795,0.394212,0.504022,0.206545,0.612649,0.475159
2422800,0.795311,0.437773,0.371876,0.300485,0.407352,0.24861,0.294082,0.56053
2426400,0.767354,0.306959,0.530395,0.402649,0.564218,0.27532,0.468741,0.515944
2430000,0.759996,0.161848,0.365331,0.228955,0.599104,0.188614,0.486545,0.451252
2433600,0.689943,0.367744,0.429128,0.280865,0.539814,0.168775,0.309585,0.575234
2437200,0.722981,0.427152,0.542987,0.509689,0.522165,0.245831,0.148857,0.567249
2440800,0.733955,0.478475,0.469135,0.562104,0.618894,0.210885,0.241829,0.550571
2444400,0.683526,0.592977,0.505693,0.556002,0.660316,0.217889,0.200769,0.604109
2448000,0.245893,0.545551,0.854725,0.436675,0.522044,0.244799,0.191982,0.515685
2451600,0.244817,0.342469,0.533135,0.361817,0.670332,0.292079,0.469086,0.590604
2455200,0.255622,0.251644,0.558228,0.420683,0.73576,0.248137,0.547987,0.721825
2458800,0.231053,0.134072,0.484613,0.376053,0.691532,0.35692,0.655106,0.59756
2462400,0.146563,0.317043,0.597587,0.4116,0.588726,0.277715,0.385188,0.476099
2466000,0.148893,0.211556,0.370913,0.876766,0.672745,0.280903,0.461746,0.616979
2469600,0.267405,0.185306,0.242415,0.544049,0.891862,0.263282,0.123676,0.659785
2473200,0.317299,0.208073,0.426592,0.673174,0.82722,0.233536,0.561048,0.511814
2476800,0.351819,0.299034,0.577935,0.402074,0.819858,0.305659,0.349362,0.577669
2480400,0.408465,0.272741,0.373566,0.450894,0.641494,0.233298,0.409457,0.592357
2484000,0.398634,0.274013,0.512873,0.376241,0.647842,0.207154,0.446997,0.821755
2487600,0.34652,0.326393,0.462861,0.473323,0.76977,0.231558,0.280388,0.733576
2491200,0.659483,0.342626,0.406064,0.376189,0.633904,0.185112,0.049666,0.689919
2494800,0.802637,0.356846,0.298421,0.382909,0.450124,0.48837,0.312306,0.643191
2498400,0.675704,0.360598,0.382058,0.364601,0.450161,0.185475,0.245926,0.599822
2502000,0.384817,0.463929,0.408023,0.484025,0.365323,0.182543,0.160018,0.561817
2505600,0.59669,0.633745,0.544258,0.399935,0.488984,0.281644,0.547914,0.61785
2509200,0.580119,0.580314,0.452347,0.384245,0.516222,0.352539,0.459906,0.662016
2512800,0.601077,0.346846,0.41853,0.381175,0.453204,0.319228,0.503394,0.651062
2516400,0.5771,0.284377,0.305491,0.271318,0.57307,0.290874,0.523369,0.625791
2520000,0.524964,0.290411,0.354062,0.277419,0.551732,0.267313,0.305534,0.694937
2523600,0.658293,0.137235,0.769907,0.673073,0.737802,0.280906,0.130651,0.62785
2527200,0.516864,0.256075,0.615558,0.66956,0.740642,0.28748,0.250916,0.427447
2530800,0.841386,0.244281,0.610347,0.549525,0.839664,0.323672,0.232576,0.432893
2534400,0.269219,0.198467,0.588891,0.499159,0.662963,0.331658,0.332649,0.92277
2538000,0.23959,0.298776,0.578763,0.398086,0.848236,0.289707,0.347253,0.668528
2541600,0.31769,0.453131,0.608807,0.368518,1.0,0.29112,0.302869,0.916636
2545200,0.262704,0.383435,0.584339,0.323277,0.985507,0.420163,0.188832,0.834668
2548800,0.251859,0.309957,0.555502,0.633874,0.798124,0.326914,0.189759,0.945752
2552400,0.222305,0.256465,0.674947,0.344485,0.648724,0.363376,0.261146,0.736351
2556000,0.239246,0.335756,0.750542,0.42211,0.745893,0.294006,0.162317,0.444148
2559600,0.215022,0.241455,0.457158,0.343618,0.463594,0.254805,0.101902,0.344261
2563200,0.429169,0.48302,0.464618,0.243383,0.427536,0.320584,0.144469,0.473739
2566800,0.256904,0.316229,0.654229,0.533342,0.387893,0.289816,0.147233,0.653927
2570400,0.351207,0.372874,0.365685,0.474557,0.294904,0.258445,0.476552,0.594239
2574000,0.665873,0.271133,0.422927,0.519676,0.32646,0.206386,0.550486,0.506628
2577600,0.425389,0.228224,0.543241,0.369759,0.296045,0.248582,0.563861,0.573743
2581200,0.316952,0.240875,0.424067,0.290359,0.333967,0.496158,0.457648,0.579111
2584800,0.337189,0.207764,0.433662,0.42573,0.27127,0.577894,0.427652,0.542781
2588400,0.332261,0.177972,0.388646,0.290938,0.317287,0.40073,0.344963,0.475673
2592000,0.628521,0.200145,0.433784,0.328202,0.346389,0.479849,0.383251,0.471085
2595600,0.654425,0.32424,0.362441,0.342028,0.394203,0.637476,0.588588,0.473808
2599200,0.502158,0.300112,0.395291,0.423702,0.286207,0.660913,0.34923,0.414021
2602800,0.560653,0.172749,0.407046,0.32208,0.550504,1.0,0.312225,0.404415
2606400,0.58992,0.248937,0.347708,0.208733,0.477867,0.811997,0.35452,0.367996
2610000,0.591555,0.206815,0.439853,0.172292,0.425812,0.544269,0.213632,0.331784
2613600,0.450672,0.315264,0.607899,0.376165,0.489772,0.478147,0.154364,0.363302
2617200,0.53783,0.244546,0.520699,0.337146,0.438806,0.512677,0.602865,0.419451
2620800,0.482986,0.365233,0.616399,0.393195,0.353339,0.485525,0.446988,0.467454
2624400,0.346792,0.23845,0.462451,0.268703,0.332968,0.467747,0.535528,0.472306
2628000,0.348467,0.256886,0.574186,0.16802,0.525399,0.661206,0.439346,0.38336
2631600,0.334124,0.193286,1.0,0.366297,0.476689,0.575626,0.432302,0.25871
2635200,0.333481,0.315141,0.634409,0.741027,0.533967,0.703768,0.400042,0.256907
2638800,0.404958,0.276679,0.416939,0.299206,0.38749,0.59918,0.428571,0.35888
2642400,0.390236,0.227041,0.591245,0.260436,0.27466,0.645802,0.379515,0.400659
2646000,0.551003,0.301675,0.438126,0.484962,0.316382,0.574221,0.473023,0.344158
2649600,0.422774,0.264155,0.390625,0.422728,0.289014,0.496253,0.686677,0.410617
2653200,0.624082,0.170298,0.54744,0.333135,0.280253,0.498622,0.377664,0.372214
2656800,0.477971,0.093876,0.547595,0.238212,0.268583,0.492588,0.357689,0.3153
2660400,0.595288,0.224611,0.495801,0.339349,0.208362,0.597837,0.365366,0.247113
2664000,0.482484,0.295758,0.420322,0.41567,0.184519,0.487713,0.366219,0.33168
2667600,0.606667,0.213017,0.175224,0.18249,0.194981,0.423315,0.445911,0.283189
2671200,0.501931,0.21656,0.168414,0.153436,0.265481,0.453191,0.636381,0.346834
2674800,0.417786,0.215634,0.236254,0.126536,0.201482,0.530115,0.464739,0.331993
2678400,0.0,0.0,0.0,0.0,0.0,0.0,0.02636,0.0
